<?xml version='1.0'?>
<module>
<exporttime>2010-06-03 11:12:47</exporttime>
<name>Project</name>
<label>Project</label>
<parent>Support</parent>
<version>2.7</version>
<dependencies>
<vtiger_version>5.2.0</vtiger_version>
</dependencies>
<tables>
<table>
<name>vtiger_project</name>
<sql><![CDATA[CREATE TABLE `vtiger_project` (
  `projectid` int(11) default NULL,
  `projectname` varchar(255) default NULL,
  `project_no` varchar(100) default NULL,
  `startdate` date default NULL,
  `targetenddate` date default NULL,
  `actualenddate` date default NULL,
  `targetbudget` varchar(255) default NULL,
  `projecturl` varchar(255) default NULL,
  `projectstatus` varchar(100) default NULL,
  `projectpriority` varchar(100) default NULL,
  `projecttype` varchar(100) default NULL,
  `progress` varchar(100) default NULL,
  `linktoaccountscontacts` varchar(100) default NULL
) ENGINE=InnoDB DEFAULT CHARSET=utf8]]></sql>
</table>
<table>
<name>vtiger_projectcf</name>
<sql><![CDATA[CREATE TABLE `vtiger_projectcf` (
  `projectid` int(11) NOT NULL,
  PRIMARY KEY  (`projectid`)
) ENGINE=InnoDB DEFAULT CHARSET=utf8]]></sql>
</table>
</tables>
<blocks>
<block>
<label>LBL_PROJECT_INFORMATION</label>
<fields>
<field>
<fieldname>projectname</fieldname>
<uitype>2</uitype>
<columnname>projectname</columnname>
<tablename>vtiger_project</tablename>
<generatedtype>1</generatedtype>
<fieldlabel>Project Name</fieldlabel>
<readonly>1</readonly>
<presence>2</presence>
<selected>0</selected>
<sequence>1</sequence>
<maximumlength>100</maximumlength>
<typeofdata>V~M</typeofdata>
<quickcreate>0</quickcreate>
<quickcreatesequence>1</quickcreatesequence>
<displaytype>1</displaytype>
<info_type>BAS</info_type>
<helpinfo><![CDATA[]]></helpinfo>
<masseditable>1</masseditable>
<entityidentifier>
<entityidfield>projectid</entityidfield>
<entityidcolumn>projectid</entityidcolumn>
</entityidentifier>
</field>
<field>
<fieldname>startdate</fieldname>
<uitype>23</uitype>
<columnname>startdate</columnname>
<tablename>vtiger_project</tablename>
<generatedtype>1</generatedtype>
<fieldlabel>Start Date</fieldlabel>
<readonly>1</readonly>
<presence>2</presence>
<selected>0</selected>
<sequence>3</sequence>
<maximumlength>100</maximumlength>
<typeofdata>D~O</typeofdata>
<quickcreate>0</quickcreate>
<quickcreatesequence>3</quickcreatesequence>
<displaytype>1</displaytype>
<info_type>BAS</info_type>
<helpinfo><![CDATA[]]></helpinfo>
<masseditable>1</masseditable>
</field>
<field>
<fieldname>targetenddate</fieldname>
<uitype>23</uitype>
<columnname>targetenddate</columnname>
<tablename>vtiger_project</tablename>
<generatedtype>1</generatedtype>
<fieldlabel>Target End Date</fieldlabel>
<readonly>1</readonly>
<presence>2</presence>
<selected>0</selected>
<sequence>5</sequence>
<maximumlength>100</maximumlength>
<typeofdata>D~O~OTH~GE~startdate~Start Date</typeofdata>
<quickcreate>0</quickcreate>
<quickcreatesequence>4</quickcreatesequence>
<displaytype>1</displaytype>
<info_type>BAS</info_type>
<helpinfo><![CDATA[]]></helpinfo>
<masseditable>1</masseditable>
</field>
<field>
<fieldname>actualenddate</fieldname>
<uitype>23</uitype>
<columnname>actualenddate</columnname>
<tablename>vtiger_project</tablename>
<generatedtype>1</generatedtype>
<fieldlabel>Actual End Date</fieldlabel>
<readonly>1</readonly>
<presence>2</presence>
<selected>0</selected>
<sequence>6</sequence>
<maximumlength>100</maximumlength>
<typeofdata>D~O~OTH~GE~startdate~Start Date</typeofdata>
<quickcreate>1</quickcreate>
<quickcreatesequence></quickcreatesequence>
<displaytype>1</displaytype>
<info_type>BAS</info_type>
<helpinfo><![CDATA[]]></helpinfo>
<masseditable>1</masseditable>
</field>
<field>
<fieldname>projectstatus</fieldname>
<uitype>15</uitype>
<columnname>projectstatus</columnname>
<tablename>vtiger_project</tablename>
<generatedtype>1</generatedtype>
<fieldlabel>Status</fieldlabel>
<readonly>1</readonly>
<presence>2</presence>
<selected>0</selected>
<sequence>7</sequence>
<maximumlength>100</maximumlength>
<typeofdata>V~O</typeofdata>
<quickcreate>1</quickcreate>
<quickcreatesequence></quickcreatesequence>
<displaytype>1</displaytype>
<info_type>BAS</info_type>
<helpinfo><![CDATA[]]></helpinfo>
<masseditable>1</masseditable>
<picklistvalues>
<picklistvalue>--none--</picklistvalue>
<picklistvalue>prospecting</picklistvalue>
<picklistvalue>initiated</picklistvalue>
<picklistvalue>in progress</picklistvalue>
<picklistvalue>waiting for feedback</picklistvalue>
<picklistvalue>on hold</picklistvalue>
<picklistvalue>completed</picklistvalue>
<picklistvalue>delivered</picklistvalue>
<picklistvalue>archived</picklistvalue>
</picklistvalues>
</field>
<field>
<fieldname>projecttype</fieldname>
<uitype>15</uitype>
<columnname>projecttype</columnname>
<tablename>vtiger_project</tablename>
<generatedtype>1</generatedtype>
<fieldlabel>Type</fieldlabel>
<readonly>1</readonly>
<presence>2</presence>
<selected>0</selected>
<sequence>8</sequence>
<maximumlength>100</maximumlength>
<typeofdata>V~O</typeofdata>
<quickcreate>1</quickcreate>
<quickcreatesequence></quickcreatesequence>
<displaytype>1</displaytype>
<info_type>BAS</info_type>
<helpinfo><![CDATA[]]></helpinfo>
<masseditable>1</masseditable>
<picklistvalues>
<picklistvalue>--none--</picklistvalue>
<picklistvalue>administrative</picklistvalue>
<picklistvalue>operative</picklistvalue>
<picklistvalue>other</picklistvalue>
</picklistvalues>
</field>
<field>
<fieldname>linktoaccountscontacts</fieldname>
<uitype>10</uitype>
<columnname>linktoaccountscontacts</columnname>
<tablename>vtiger_project</tablename>
<generatedtype>1</generatedtype>
<fieldlabel>Related to</fieldlabel>
<readonly>1</readonly>
<presence>2</presence>
<selected>0</selected>
<sequence>9</sequence>
<maximumlength>100</maximumlength>
<typeofdata>V~O</typeofdata>
<quickcreate>1</quickcreate>
<quickcreatesequence></quickcreatesequence>
<displaytype>1</displaytype>
<info_type>BAS</info_type>
<helpinfo><![CDATA[]]></helpinfo>
<masseditable>1</masseditable>
<relatedmodules>
<relatedmodule>Accounts</relatedmodule>
<relatedmodule>Contacts</relatedmodule>
</relatedmodules>
</field>
<field>
<fieldname>assigned_user_id</fieldname>
<uitype>53</uitype>
<columnname>smownerid</columnname>
<tablename>vtiger_crmentity</tablename>
<generatedtype>1</generatedtype>
<fieldlabel>Assigned To</fieldlabel>
<readonly>1</readonly>
<presence>2</presence>
<selected>0</selected>
<sequence>4</sequence>
<maximumlength>100</maximumlength>
<typeofdata>V~M</typeofdata>
<quickcreate>0</quickcreate>
<quickcreatesequence>2</quickcreatesequence>
<displaytype>1</displaytype>
<info_type>BAS</info_type>
<helpinfo><![CDATA[]]></helpinfo>
<masseditable>1</masseditable>
</field>
<field>
<fieldname>project_no</fieldname>
<uitype>4</uitype>
<columnname>project_no</columnname>
<tablename>vtiger_project</tablename>
<generatedtype>2</generatedtype>
<fieldlabel>Project No</fieldlabel>
<readonly>1</readonly>
<presence>0</presence>
<selected>0</selected>
<sequence>2</sequence>
<maximumlength>100</maximumlength>
<typeofdata>V~O</typeofdata>
<quickcreate>3</quickcreate>
<quickcreatesequence>0</quickcreatesequence>
<displaytype>1</displaytype>
<info_type>BAS</info_type>
<helpinfo><![CDATA[]]></helpinfo>
<masseditable>0</masseditable>
</field>
</fields>
</block>
<block>
<label>LBL_CUSTOM_INFORMATION</label>
<fields>
<field>
<fieldname>targetbudget</fieldname>
<uitype>7</uitype>
<columnname>targetbudget</columnname>
<tablename>vtiger_project</tablename>
<generatedtype>1</generatedtype>
<fieldlabel>Target Budget</fieldlabel>
<readonly>1</readonly>
<presence>2</presence>
<selected>0</selected>
<sequence>1</sequence>
<maximumlength>100</maximumlength>
<typeofdata>V~O</typeofdata>
<quickcreate>1</quickcreate>
<quickcreatesequence></quickcreatesequence>
<displaytype>1</displaytype>
<info_type>BAS</info_type>
<helpinfo><![CDATA[]]></helpinfo>
<masseditable>1</masseditable>
</field>
<field>
<fieldname>projecturl</fieldname>
<uitype>17</uitype>
<columnname>projecturl</columnname>
<tablename>vtiger_project</tablename>
<generatedtype>1</generatedtype>
<fieldlabel>Project Url</fieldlabel>
<readonly>1</readonly>
<presence>2</presence>
<selected>0</selected>
<sequence>2</sequence>
<maximumlength>100</maximumlength>
<typeofdata>V~O</typeofdata>
<quickcreate>1</quickcreate>
<quickcreatesequence></quickcreatesequence>
<displaytype>1</displaytype>
<info_type>BAS</info_type>
<helpinfo><![CDATA[]]></helpinfo>
<masseditable>1</masseditable>
</field>
<field>
<fieldname>projectpriority</fieldname>
<uitype>15</uitype>
<columnname>projectpriority</columnname>
<tablename>vtiger_project</tablename>
<generatedtype>1</generatedtype>
<fieldlabel>Priority</fieldlabel>
<readonly>1</readonly>
<presence>2</presence>
<selected>0</selected>
<sequence>3</sequence>
<maximumlength>100</maximumlength>
<typeofdata>V~O</typeofdata>
<quickcreate>1</quickcreate>
<quickcreatesequence></quickcreatesequence>
<displaytype>1</displaytype>
<info_type>BAS</info_type>
<helpinfo><![CDATA[]]></helpinfo>
<masseditable>1</masseditable>
<picklistvalues>
<picklistvalue>--none--</picklistvalue>
<picklistvalue>low</picklistvalue>
<picklistvalue>normal</picklistvalue>
<picklistvalue>high</picklistvalue>
</picklistvalues>
</field>
<field>
<fieldname>progress</fieldname>
<uitype>15</uitype>
<columnname>progress</columnname>
<tablename>vtiger_project</tablename>
<generatedtype>1</generatedtype>
<fieldlabel>Progress</fieldlabel>
<readonly>1</readonly>
<presence>2</presence>
<selected>0</selected>
<sequence>4</sequence>
<maximumlength>100</maximumlength>
<typeofdata>V~O</typeofdata>
<quickcreate>1</quickcreate>
<quickcreatesequence></quickcreatesequence>
<displaytype>1</displaytype>
<info_type>BAS</info_type>
<helpinfo><![CDATA[]]></helpinfo>
<masseditable>1</masseditable>
<picklistvalues>
<picklistvalue>--none--</picklistvalue>
<picklistvalue>10%</picklistvalue>
<picklistvalue>20%</picklistvalue>
<picklistvalue>30%</picklistvalue>
<picklistvalue>40%</picklistvalue>
<picklistvalue>50%</picklistvalue>
<picklistvalue>60%</picklistvalue>
<picklistvalue>70%</picklistvalue>
<picklistvalue>80%</picklistvalue>
<picklistvalue>90%</picklistvalue>
<picklistvalue>100%</picklistvalue>
</picklistvalues>
</field>
<field>
<fieldname>createdtime</fieldname>
<uitype>70</uitype>
<columnname>createdtime</columnname>
<tablename>vtiger_crmentity</tablename>
<generatedtype>1</generatedtype>
<fieldlabel>Created Time</fieldlabel>
<readonly>1</readonly>
<presence>2</presence>
<selected>0</selected>
<sequence>5</sequence>
<maximumlength>100</maximumlength>
<typeofdata>T~O</typeofdata>
<quickcreate>1</quickcreate>
<quickcreatesequence></quickcreatesequence>
<displaytype>2</displaytype>
<info_type>BAS</info_type>
<helpinfo><![CDATA[]]></helpinfo>
<masseditable>1</masseditable>
</field>
<field>
<fieldname>modifiedtime</fieldname>
<uitype>70</uitype>
<columnname>modifiedtime</columnname>
<tablename>vtiger_crmentity</tablename>
<generatedtype>1</generatedtype>
<fieldlabel>Modified Time</fieldlabel>
<readonly>1</readonly>
<presence>2</presence>
<selected>0</selected>
<sequence>6</sequence>
<maximumlength>100</maximumlength>
<typeofdata>T~O</typeofdata>
<quickcreate>1</quickcreate>
<quickcreatesequence></quickcreatesequence>
<displaytype>2</displaytype>
<info_type>BAS</info_type>
<helpinfo><![CDATA[]]></helpinfo>
<masseditable>1</masseditable>
</field>
<field>
<fieldname>modifiedby</fieldname>
<uitype>52</uitype>
<columnname>modifiedby</columnname>
<tablename>vtiger_crmentity</tablename>
<generatedtype>1</generatedtype>
<fieldlabel>Last Modified By</fieldlabel>
<readonly>1</readonly>
<presence>0</presence>
<defaultvalue></defaultvalue>
<sequence>7</sequence>
<maximumlength>100</maximumlength>
<typeofdata>V~O</typeofdata>
<quickcreate>3</quickcreate>
<quickcreatesequence></quickcreatesequence>
<displaytype>3</displaytype>
<info_type>BAS</info_type>
<helpinfo><![CDATA[]]></helpinfo>
<masseditable>0</masseditable>
</field>
</fields>
</block>
<block>
<label>LBL_DESCRIPTION_INFORMATION</label>
<fields>
<field>
<fieldname>description</fieldname>
<uitype>19</uitype>
<columnname>description</columnname>
<tablename>vtiger_crmentity</tablename>
<generatedtype>1</generatedtype>
<fieldlabel>description</fieldlabel>
<readonly>1</readonly>
<presence>2</presence>
<selected>0</selected>
<sequence>1</sequence>
<maximumlength>100</maximumlength>
<typeofdata>V~O</typeofdata>
<quickcreate>1</quickcreate>
<quickcreatesequence></quickcreatesequence>
<displaytype>1</displaytype>
<info_type>BAS</info_type>
<helpinfo><![CDATA[]]></helpinfo>
<masseditable>1</masseditable>
</field>
</fields>
</block>
</blocks>
<customviews>
<customview>
<viewname>All</viewname>
<setdefault>true</setdefault>
<setmetrics>false</setmetrics>
<fields>
<field>
<fieldname>projectname</fieldname>
<columnindex>0</columnindex>
</field>
<field>
<fieldname>linktoaccountscontacts</fieldname>
<columnindex>1</columnindex>
</field>
<field>
<fieldname>startdate</fieldname>
<columnindex>2</columnindex>
</field>
<field>
<fieldname>targetenddate</fieldname>
<columnindex>3</columnindex>
</field>
<field>
<fieldname>actualenddate</fieldname>
<columnindex>4</columnindex>
</field>
<field>
<fieldname>targetbudget</fieldname>
<columnindex>5</columnindex>
</field>
<field>
<fieldname>progress</fieldname>
<columnindex>6</columnindex>
</field>
<field>
<fieldname>projectstatus</fieldname>
<columnindex>7</columnindex>
</field>
<field>
<fieldname>assigned_user_id</fieldname>
<columnindex>8</columnindex>
</field>
</fields>
</customview>
</customviews>
<sharingaccess>
<default>public_readwritedelete</default>
</sharingaccess>
<actions>
<action>
<name><![CDATA[Import]]></name>
<status>enabled</status>
</action>
<action>
<name><![CDATA[Export]]></name>
<status>enabled</status>
</action>
<action>
<name><![CDATA[DuplicatesHandling]]></name>
<status>enabled</status>
</action>
</actions>
<relatedlists>
<relatedlist>
<function>get_dependents_list</function>
<label>Project Tasks</label>
<sequence>1</sequence>
<presence>0</presence>
<actions>
<action>ADD</action>
<action>SELECT</action>
</actions>
<relatedmodule>ProjectTask</relatedmodule>
</relatedlist>
<relatedlist>
<function>get_dependents_list</function>
<label>Project Milestones</label>
<sequence>2</sequence>
<presence>0</presence>
<actions>
<action>ADD</action>
<action>SELECT</action>
</actions>
<relatedmodule>ProjectMilestone</relatedmodule>
</relatedlist>
<relatedlist>
<function>get_dependents_list</function>
<label>Project Team</label>
<sequence>3</sequence>
<presence>0</presence>
<actions>
<action>ADD</action>
<action>SELECT</action>
</actions>
<relatedmodule>ProjectTeam</relatedmodule>
</relatedlist>
<relatedlist>
<function>get_attachments</function>
<label>Documents</label>
<sequence>4</sequence>
<presence>0</presence>
<actions>
<action>ADD</action>
<action>SELECT</action>
</actions>
<relatedmodule>Documents</relatedmodule>
</relatedlist>
<relatedlist>
<function>get_related_list</function>
<label>Trouble Tickets</label>
<sequence>5</sequence>
<presence>0</presence>
<actions>
<action>ADD</action>
<action>SELECT</action>
</actions>
<relatedmodule>HelpDesk</relatedmodule>
</relatedlist>
</relatedlists>
<customlinks>
<customlink>
<linktype>DETAILVIEWBASIC</linktype>
<linklabel>Add Project Task</linklabel>
<linkurl><![CDATA[index.php?module=ProjectTask&action=EditView&projectid=$RECORD$&return_module=Project&return_action=DetailView&return_id=$RECORD$]]></linkurl>
<linkicon><![CDATA[]]></linkicon>
<sequence>0</sequence>
</customlink>
<customlink>
<linktype>DETAILVIEWBASIC</linktype>
<linklabel>Add Note</linklabel>
<linkurl><![CDATA[index.php?module=Documents&action=EditView&return_module=Project&return_action=DetailView&return_id=$RECORD$&parent_id=$RECORD$]]></linkurl>
<linkicon><![CDATA[]]></linkicon>
<sequence>1</sequence>
</customlink>
</customlinks>
</module>
